{
    "loss": 11.601126670837402,
    "accuracy": 0.3839285671710968
}