{
    "loss": 20.140697479248047,
    "accuracy": 0.27272728085517883
}